order_date,actual_revenue,predicted_revenue,pred_lower_95,pred_upper_95,residual,abs_error,pct_error,month_period
2018-06-16,29000.08,29512.31120951293,14008.5675981489,45016.05482087696,-512.2312095129273,512.2312095129273,1.7663096429834928,2018-06
2018-06-17,20751.52,28235.883785844253,12732.140174480224,43739.627397208285,-7484.363785844253,7484.363785844253,36.06658107861136,2018-06
2018-06-18,41023.4,31771.262678597326,16267.519067233297,47275.006289961355,9252.137321402675,9252.137321402675,22.55331669584353,2018-06
2018-06-19,40013.6,37532.43345134106,22028.68983997703,53036.17706270509,2481.166548658941,2481.166548658941,6.200808096894408,2018-06
2018-06-20,34330.27,34707.15568676027,19203.41207539624,50210.8992981243,-376.88568676027353,376.88568676027353,1.0978232526579998,2018-06
2018-06-21,33301.99,31049.69543083104,15545.951819467013,46553.43904219507,2252.2945691689565,2252.2945691689565,6.763243185073795,2018-06
2018-06-22,28753.16,30385.792443911425,14882.048832547396,45889.53605527546,-1632.632443911425,1632.632443911425,5.678097447068166,2018-06
2018-06-23,21181.11,26636.539667588724,11132.796056224695,42140.28327895275,-5455.4296675887235,5455.4296675887235,25.75610847395969,2018-06
2018-06-24,29498.58,25774.298719209484,10270.555107845455,41278.04233057352,3724.2812807905175,3724.2812807905175,12.625290033589812,2018-06
2018-06-25,41879.92,35449.00961028247,19945.26599891844,50952.7532216465,6430.91038971753,6430.91038971753,15.35559377791918,2018-06
2018-06-26,37616.54,35818.342935994384,20314.599324630355,51322.08654735841,1798.197064005617,1798.197064005617,4.780336160650653,2018-06
2018-06-27,32505.93,35804.51779765688,20300.774186292852,51308.26140902091,-3298.587797656881,3298.587797656881,10.147649360153304,2018-06
2018-06-28,38739.05,34110.86909185637,18607.125480492345,49614.6127032204,4628.1809081436295,4628.1809081436295,11.947068676551513,2018-06
2018-06-29,25098.69,33375.57290325403,17871.829291890004,48879.31651461806,-8276.882903254034,8276.882903254034,32.977350225266875,2018-06
2018-06-30,18621.7,28027.387875512446,12523.644264148417,43531.131486876475,-9405.687875512445,9405.687875512445,50.50928688311188,2018-06
2018-07-01,29060.7,24031.137008123253,8527.393396759224,39534.88061948728,5029.562991876748,5029.562991876748,17.307095121166206,2018-07
2018-07-02,29422.43,32444.11385085354,16940.37023948951,47947.857462217566,-3021.68385085354,3021.68385085354,10.270000985144803,2018-07
2018-07-03,31454.6,34981.6841739187,19477.94056255467,50485.42778528273,-3527.0841739187017,3527.0841739187017,11.213253940341641,2018-07
2018-07-04,41579.8,32129.543555376873,16625.799944012844,47633.287166740905,9450.25644462313,9450.25644462313,22.727998798991646,2018-07
2018-07-05,33949.48,35820.49676208607,20316.75315072204,51324.2403734501,-1871.0167620860666,1871.0167620860666,5.511179440998997,2018-07
2018-07-06,22108.67,30372.721709175927,14868.978097811898,45876.46532053995,-8264.051709175928,8264.051709175928,37.37923497512934,2018-07
2018-07-07,11277.24,24226.46793274844,8722.724321384412,39730.21154411247,-12949.227932748441,12949.227932748441,114.82621574736763,2018-07
2018-07-08,17554.74,20036.847182379366,4533.103571015337,35540.590793743395,-2482.1071823793645,2482.1071823793645,14.139242064418866,2018-07
2018-07-09,23122.17,24191.06961277588,8687.32600141185,39694.81322413991,-1068.89961277588,1068.89961277588,4.6228343307565,2018-07
2018-07-10,22246.77,28733.868563812906,13230.124952448878,44237.61217517694,-6487.098563812906,6487.098563812906,29.15973223894033,2018-07
2018-07-11,22140.62,28474.34171332127,12970.598101957243,43978.0853246853,-6333.721713321273,6333.721713321273,28.606794720840124,2018-07
2018-07-12,32569.71,25712.76876826766,10209.02515690363,41216.51237963169,6856.94123173234,6856.94123173234,21.05312338283743,2018-07
2018-07-13,32529.4,23924.639419946154,8420.895808582125,39428.38303131018,8604.760580053848,8604.760580053848,26.45225728127124,2018-07
2018-07-14,26427.02,23962.021187853396,8458.277576489367,39465.764799217424,2464.998812146605,2464.998812146605,9.32757008602031,2018-07
2018-07-15,34489.4,24696.72009397472,9192.976482610691,40200.46370533875,9792.679906025282,9792.679906025282,28.39330317728137,2018-07
2018-07-16,37778.13,28965.29657302745,13461.552961663423,44469.04018439148,8812.833426972546,8812.833426972546,23.327870985071378,2018-07
2018-07-17,35758.41,33815.658099067194,18311.914487703165,49319.40171043122,1942.7519009328098,1942.7519009328098,5.432992968459195,2018-07
2018-07-18,48984.15,31489.098719583228,15985.355108219199,46992.84233094726,17495.051280416774,17495.051280416774,35.715739234868366,2018-07
2018-07-19,44911.24,45178.59053539002,29674.846924025995,60682.33414675405,-267.35053539002547,267.35053539002547,0.595286470358034,2018-07
2018-07-20,38061.85,33183.20436752524,17679.460756161214,48686.94797888927,4878.645632474756,4878.645632474756,12.817678679503903,2018-07
2018-07-21,25502.08,31131.414118207857,15627.670506843828,46635.15772957189,-5629.334118207855,5629.334118207855,22.074019523928456,2018-07
2018-07-22,32962.26,29739.05628052018,14235.312669156152,45242.799891884206,3223.2037194798213,3223.2037194798213,9.778467008875669,2018-07
2018-07-23,47975.62,40312.60958339294,24808.865972028914,55816.35319475697,7663.01041660706,7663.01041660706,15.972717844203075,2018-07
2018-07-24,48083.44,47968.00335264853,32464.2597412845,63471.74696401256,115.43664735147468,115.43664735147468,0.24007568375198338,2018-07
2018-07-25,47912.59,43253.89073183345,27750.147120469424,58757.63434319748,4658.699268166543,4658.699268166543,9.723330064533235,2018-07
2018-07-26,41784.72,45578.8548511616,30075.111239797574,61082.59846252563,-3794.1348511616015,3794.1348511616015,9.080196902507906,2018-07
2018-07-27,33331.13,38156.68261514514,22652.93900378111,53660.42622650917,-4825.552615145141,4825.552615145141,14.477614815774748,2018-07
2018-07-28,30065.12,29192.908311124083,13689.164699760055,44696.65192248811,872.2116888759156,872.2116888759156,2.9010750293892578,2018-07
2018-07-29,36468.28,29984.582835922207,14480.839224558178,45488.326447286236,6483.697164077792,6483.697164077792,17.779004559792213,2018-07
2018-07-30,45814.02,38195.64467872642,22691.901067362392,53699.38829009045,7618.3753212735755,7618.3753212735755,16.628916915113706,2018-07
2018-07-31,53402.24,43695.195419393574,28191.451808029546,59198.9390307576,9707.044580606424,9707.044580606424,18.177223615725527,2018-07
2018-08-01,48431.03,49025.98166644603,33522.238055082,64529.72527781006,-594.9516664460316,594.9516664460316,1.2284514007776246,2018-08
2018-08-02,45625.66,47207.601154269985,31703.857542905957,62711.344765634014,-1581.9411542699818,1581.9411542699818,3.4672181274089655,2018-08
2018-08-03,49517.58,42410.13140591589,26906.38779455186,57913.87501727992,7107.448594084111,7107.448594084111,14.353384382039897,2018-08
2018-08-04,41227.8,44248.16755273959,28744.423941375564,59751.91116410362,-3020.36755273959,3020.36755273959,7.326045902860666,2018-08
2018-08-05,42272.07,31590.52653389142,16086.782922527393,47094.27014525545,10681.543466108578,10681.543466108578,25.268560224537335,2018-08
2018-08-06,65860.42,43345.348249974704,27841.604638610675,58849.09186133873,22515.071750025294,22515.071750025294,34.186043377836484,2018-08
2018-08-07,58294.38,49347.11465424672,33843.37104288269,64850.85826561075,8947.26534575328,8947.26534575328,15.348418399429379,2018-08
2018-08-08,51360.5,49333.75707481408,33830.01346345005,64837.50068617811,2026.7429251859212,2026.7429251859212,3.9461121390678073,2018-08
2018-08-09,46734.86,48746.42759778615,33242.68398642212,64250.171209150176,-2011.5675977861465,2011.5675977861465,4.304212311294281,2018-08
2018-08-10,39585.29,42475.87482499763,26972.1312136336,57979.618436361656,-2890.584824997626,2890.584824997626,7.302169126454867,2018-08
2018-08-11,30565.73,35222.462215133026,19718.718603768997,50726.205826497055,-4656.732215133026,4656.732215133026,15.235141497137567,2018-08
2018-08-12,36739.75,33243.71972722801,17739.97611586398,48747.46333859204,3496.03027277199,3496.03027277199,9.515661573015576,2018-08
2018-08-13,45876.91,40405.655259892774,24901.911648528745,55909.3988712568,5471.25474010723,5471.25474010723,11.92594431514073,2018-08
2018-08-14,51471.37,45181.704213073084,29677.960601709055,60685.44782443711,6289.665786926918,6289.665786926918,12.219736499974488,2018-08
2018-08-15,52358.65,48732.14410108764,33228.40048972361,64235.887712451666,3626.5058989123645,3626.5058989123645,6.926278463849554,2018-08
2018-08-16,42217.31,46490.68500164135,30986.941390277323,61994.42861300538,-4273.375001641354,4273.375001641354,10.122328972739748,2018-08
2018-08-17,37638.99,41150.747288564016,25647.003677199988,56654.490899928045,-3511.7572885640184,3511.7572885640184,9.330105001659234,2018-08
2018-08-18,28698.1,30755.44840467642,15251.70479331239,46259.19201604045,-2057.3484046764206,2057.3484046764206,7.168935938882437,2018-08
2018-08-19,29966.5,30378.351515374172,14874.607904010143,45882.095126738204,-411.85151537417187,411.85151537417187,1.3743731012102576,2018-08
2018-08-20,39851.87,39612.87883892745,24109.13522756342,55116.62245029148,238.99116107255395,238.99116107255395,0.5996987370292886,2018-08
2018-08-21,30830.69,39567.51053490548,24063.76692354145,55071.25414626951,-8736.82053490548,8736.82053490548,28.338063581792948,2018-08
2018-08-22,24262.61,37031.77072741692,21528.027116052894,52535.51433878095,-12769.160727416922,12769.160727416922,52.62896583433078,2018-08
2018-08-23,19540.56,33507.26750590094,18003.523894536913,49011.01111726497,-13966.70750590094,13966.70750590094,71.47547207398836,2018-08
2018-08-24,11313.39,24258.183104319116,8754.439492955087,39761.92671568315,-12944.793104319117,12944.793104319117,114.42010842302012,2018-08
2018-08-25,11737.76,19748.712023305474,4244.968411941445,35252.4556346695,-8010.952023305474,8010.952023305474,68.24941064824527,2018-08
2018-08-26,9333.16,19274.359104728846,3770.6154933648177,34778.10271609288,-9941.199104728847,9941.199104728847,106.51482568314319,2018-08
2018-08-27,6111.61,19568.826400573966,4065.082789209937,35072.57001193799,-13457.216400573965,13457.216400573965,220.19102005157342,2018-08
2018-08-28,4121.22,13016.403324964553,0.0,28520.14693632858,-8895.183324964553,8895.183324964553,215.838594517268,2018-08
2018-08-29,1762.7,10931.973532830087,0.0,26435.717144194117,-9169.273532830086,9169.273532830086,520.1834420394897,2018-08
2018-08-30,0.0,10349.129612547413,0.0,25852.87322391144,-10349.129612547413,10349.129612547413,1034912.9612547413,2018-08
2018-08-31,0.0,2112.693228183844,0.0,17616.436839547874,-2112.693228183844,2112.693228183844,211269.3228183844,2018-08
2018-09-01,0.0,1611.822409585413,0.0,17115.56602094944,-1611.822409585413,1611.822409585413,161182.24095854128,2018-09
2018-09-02,0.0,1364.400401655694,0.0,16868.144013019722,-1364.400401655694,1364.400401655694,136440.0401655694,2018-09
2018-09-03,166.46,1369.255208692861,0.0,16872.99882005689,-1202.795208692861,1202.795208692861,722.573115879407,2018-09
